{
  "camera": {
    "P": [
      973.0824584960938, 0.0, 1022.1065063476562,
      0.0, 972.7421264648438, 588.7906494140625,
      0.0, 0.0, 1.0
    ],
    "distortion": [
      0.38972100615501404,
      -2.6030046939849854,
      0.0000933207047637552,
      -0.00012978589802514762,
      1.5574629306793213,
      0.2702001929283142,
      -2.421801805496216,
      1.479670763015747   
    ],

    "other properties will be ignored": "",
    "width": 2048,
    "height": 1536
  }
}
