{"pose":{"orientation":{"w":-0.011179559414589185,"x":0.00996971114963633,"y":-0.9773719362789828,"z":0.21099696795252892},"position":{"x":0.12468224575233519,"y":0.6680432985241507,"z":0.8428382163451663}},"quality":0.5724309697372577}
