{"pose":{"orientation":{"w":-0.010982155050421343,"x":0.009874066987837058,"y":-0.9792291950570424,"z":0.2022178988603758},"position":{"x":0.10491841786640878,"y":0.6546576874220977,"z":0.8476432467239354}},"quality":0.5817543132508632}
