{"pose":{"orientation":{"w":-0.013183992472963478,"x":0.010307039358791032,"y":-0.9794631867922726,"z":0.20092738240681624},"position":{"x":0.10702827290630086,"y":0.6566705785972528,"z":0.8453540610530872}},"quality":0.5828919428645244}
