{"pose":{"orientation":{"w":-0.021842252540607975,"x":0.010915387212152775,"y":-0.9789139640843758,"z":0.20280833623540828},"position":{"x":0.11895522928319889,"y":0.6574047143202323,"z":0.8475294319081063}},"quality":0.5785821973616692}
