{"pose":{"orientation":{"w":-0.010755424095240319,"x":0.006807404278466941,"y":-0.9774979187768237,"z":0.21056067744595477},"position":{"x":0.0981557596737542,"y":0.6566632327365439,"z":0.8656530209962523}},"quality":0.5703048329184061}
