{"pose":{"orientation":{"w":-0.0185622508156051,"x":0.010847834399626643,"y":-0.9789877444157381,"z":0.20278255254652053},"position":{"x":0.13382237038279132,"y":0.6402433779126769,"z":0.8532118259897197}},"quality":0.5808675787938804}
